hour,day,month,weather,vehicle_count,traffic_volume,avg_speed,road_occupancy,congestion_index,traffic_density
6,Sunday,2,Clear,457,710,35.9,50.66,30.87,Low
19,Monday,8,Clear,10,51,59.49,1.0,0.74,Low
14,Tuesday,8,Clear,32,53,60.05,1.0,5.19,Low
10,Saturday,11,Clear,308,432,44.57,32.64,14.73,Low
7,Saturday,1,Clear,525,810,30.15,60.71,34.91,Low
20,Friday,8,Cloudy,10,20,48.86,1.0,0.15,Low
6,Saturday,5,Rainy,441,665,34.75,48.01,27.49,Low
18,Wednesday,2,Rainy,10,20,54.35,1.0,4.64,Low
22,Sunday,2,Clear,10,48,50.9,5.77,6.45,Low
10,Thursday,6,Clear,260,411,43.27,29.99,17.51,Low
10,Friday,11,Rainy,356,531,35.1,41.1,19.26,Low
23,Wednesday,9,Clear,34,20,60.51,6.22,6.95,Low
20,Wednesday,1,Clear,10,20,51.91,1.5,5.77,Low
3,Monday,12,Rainy,342,534,34.45,35.58,17.56,Low
7,Saturday,6,Rainy,377,573,35.85,47.54,23.87,Low
23,Tuesday,9,Clear,107,115,52.89,12.67,11.45,Low
2,Tuesday,8,Clear,357,481,43.43,38.84,21.1,Low
21,Friday,11,Rainy,12,23,48.96,1.29,0.08,Low
20,Sunday,6,Clear,10,20,64.05,1.0,2.88,Low
1,Tuesday,3,Rainy,224,307,36.8,24.01,12.81,Low
23,Thursday,8,Rainy,158,257,38.39,19.79,12.98,Low
11,Tuesday,9,Cloudy,325,523,40.89,31.43,16.92,Low
5,Friday,1,Clear,429,620,31.38,43.35,23.88,Low
1,Tuesday,12,Foggy,268,400,24.07,32.57,23.77,Low
20,Thursday,9,Rainy,10,20,56.92,1.0,0.0,Low
0,Monday,6,Clear,211,311,44.53,28.3,18.06,Low
11,Sunday,6,Clear,267,401,39.98,31.71,21.19,Low
21,Friday,12,Rainy,10,37,47.44,1.0,0.74,Low
11,Monday,4,Clear,309,443,40.27,37.21,23.9,Low
16,Monday,1,Clear,10,20,58.79,7.1,2.37,Low
9,Monday,10,Clear,449,724,32.08,52.12,27.2,Low
15,Wednesday,8,Foggy,44,98,48.29,8.22,3.85,Low
14,Sunday,2,Foggy,131,163,44.68,13.7,11.94,Low
14,Saturday,12,Rainy,10,20,45.13,6.08,0.02,Low
18,Sunday,1,Clear,10,45,56.41,1.0,7.19,Low
11,Wednesday,2,Clear,179,290,48.43,21.58,11.94,Low
22,Saturday,1,Rainy,10,28,50.67,13.96,10.8,Low
19,Sunday,1,Clear,10,20,64.91,3.81,5.03,Low
2,Monday,9,Clear,330,546,49.2,34.56,19.77,Low
4,Friday,1,Rainy,474,717,40.79,50.55,25.92,Low
18,Saturday,4,Cloudy,10,20,45.15,1.0,6.44,Low
6,Thursday,10,Rainy,562,869,19.28,66.7,36.99,Medium
20,Thursday,6,Rainy,10,20,60.57,1.84,0.38,Low
8,Tuesday,7,Cloudy,605,917,17.75,63.98,40.26,Medium
6,Saturday,2,Clear,515,778,43.21,53.97,29.74,Low
17,Friday,6,Rainy,10,29,52.24,1.87,6.92,Low
3,Wednesday,7,Cloudy,295,413,43.17,32.99,18.62,Low
13,Monday,10,Clear,189,239,44.15,23.27,11.95,Low
17,Tuesday,10,Rainy,10,58,49.24,5.7,5.7,Low
8,Thursday,2,Rainy,362,550,42.64,53.86,27.93,Low
20,Wednesday,2,Rainy,10,38,51.26,1.0,0.59,Low
1,Wednesday,10,Rainy,262,340,36.68,32.55,21.49,Low
19,Monday,7,Cloudy,10,47,58.53,1.6,8.0,Low
14,Saturday,12,Foggy,100,134,42.04,1.89,2.58,Low
6,Thursday,1,Clear,425,613,40.48,53.47,26.28,Low
11,Friday,8,Cloudy,328,490,36.35,38.55,21.57,Low
7,Wednesday,11,Clear,490,705,35.11,58.44,33.61,Low
14,Monday,3,Clear,117,175,50.94,4.5,4.99,Low
2,Friday,11,Clear,339,504,34.03,36.56,24.8,Low
13,Saturday,6,Clear,98,178,57.51,5.49,6.48,Low
16,Thursday,9,Clear,10,60,53.33,11.93,4.53,Low
3,Saturday,6,Cloudy,417,669,35.33,52.06,27.38,Low
17,Wednesday,9,Rainy,10,20,56.13,1.0,0.0,Low
7,Friday,7,Rainy,464,667,21.31,43.87,30.06,Low
3,Friday,9,Clear,350,456,45.52,39.86,16.15,Low
1,Friday,2,Cloudy,255,346,42.75,33.8,15.39,Low
5,Wednesday,12,Cloudy,523,765,26.02,49.44,27.03,Low
21,Wednesday,8,Foggy,10,27,57.61,1.0,3.93,Low
9,Saturday,8,Clear,462,677,36.9,45.81,24.05,Low
3,Tuesday,2,Clear,402,588,37.06,49.0,26.1,Low
21,Saturday,12,Clear,10,20,55.6,1.0,1.26,Low
17,Thursday,4,Clear,10,20,63.91,1.0,2.58,Low
11,Monday,11,Clear,243,339,44.79,27.87,12.51,Low
1,Friday,7,Cloudy,265,382,47.53,25.05,11.79,Low
9,Tuesday,11,Clear,474,704,36.29,45.45,30.52,Low
3,Monday,4,Clear,354,533,47.88,46.18,26.39,Low
13,Tuesday,4,Clear,130,240,48.29,21.76,15.23,Low
15,Sunday,6,Clear,10,42,54.98,2.01,3.0,Low
14,Saturday,10,Clear,85,104,54.34,10.71,6.77,Low
7,Wednesday,6,Clear,532,790,32.41,65.42,37.16,Medium
13,Friday,10,Clear,135,192,51.48,15.78,12.02,Low
22,Saturday,3,Foggy,31,31,59.61,1.35,4.89,Low
7,Monday,9,Cloudy,513,777,41.67,57.2,30.62,Low
20,Sunday,12,Clear,10,20,61.0,8.08,8.54,Low
15,Sunday,10,Clear,10,41,61.58,1.38,0.0,Low
12,Sunday,11,Foggy,186,329,37.52,17.32,14.0,Low
17,Monday,2,Clear,10,20,54.25,1.85,1.49,Low
14,Monday,6,Clear,51,67,56.54,8.95,7.9,Low
20,Monday,12,Cloudy,10,20,60.36,3.79,1.61,Low
23,Monday,7,Clear,134,231,59.83,17.65,6.52,Low
12,Sunday,12,Rainy,132,188,50.38,10.53,8.27,Low
8,Sunday,9,Rainy,478,745,20.55,56.96,28.84,Low
14,Tuesday,3,Clear,10,29,58.05,1.25,1.15,Low
12,Saturday,10,Clear,201,372,42.61,18.77,9.3,Low
0,Friday,3,Foggy,219,318,42.89,28.14,15.88,Low
6,Wednesday,7,Clear,622,873,26.84,66.84,39.54,Medium
8,Sunday,4,Clear,496,701,34.96,47.24,25.01,Low
23,Wednesday,8,Rainy,190,285,44.9,16.11,11.22,Low
0,Saturday,7,Rainy,293,470,51.18,31.65,20.0,Low
11,Saturday,5,Clear,302,433,46.24,36.45,18.56,Low
7,Wednesday,7,Cloudy,504,749,30.61,51.68,27.33,Low
23,Sunday,3,Clear,69,124,50.34,6.46,9.33,Low
10,Wednesday,12,Foggy,344,487,38.09,32.14,18.46,Low
18,Tuesday,2,Foggy,10,20,46.59,6.02,6.68,Low
16,Thursday,6,Rainy,10,20,59.79,9.7,8.03,Low
7,Sunday,2,Clear,583,909,36.38,72.82,35.57,Medium
2,Sunday,3,Cloudy,355,578,36.94,44.27,22.56,Low
2,Friday,6,Clear,306,411,37.74,38.31,22.93,Low
0,Monday,5,Rainy,268,397,39.96,19.42,6.01,Low
4,Thursday,8,Clear,507,802,31.58,57.22,31.14,Low
9,Saturday,9,Clear,462,704,37.1,48.85,24.53,Low
6,Sunday,11,Clear,399,583,45.3,48.74,29.91,Low
8,Wednesday,3,Cloudy,557,789,20.88,49.2,30.43,Low
6,Thursday,12,Cloudy,472,742,34.72,53.41,33.16,Low
8,Friday,10,Clear,498,757,38.9,54.26,29.58,Low
7,Saturday,3,Clear,615,878,33.29,73.93,39.62,Medium
11,Monday,3,Rainy,385,613,25.93,50.52,28.2,Low
1,Monday,6,Clear,228,293,50.7,20.69,10.81,Low
0,Friday,1,Clear,127,183,59.67,9.69,14.58,Low
15,Friday,7,Rainy,59,80,50.77,7.71,8.25,Low
22,Wednesday,12,Rainy,57,134,48.57,15.0,6.36,Low
22,Sunday,1,Cloudy,24,28,61.5,2.97,11.03,Low
23,Monday,5,Clear,153,221,48.88,10.6,6.13,Low
4,Saturday,10,Clear,451,635,29.8,47.08,27.86,Low
2,Thursday,8,Rainy,385,558,31.75,43.79,27.86,Low
11,Saturday,4,Foggy,280,395,36.68,32.31,14.27,Low
7,Tuesday,5,Rainy,525,764,30.94,54.81,28.16,Low
21,Tuesday,4,Rainy,10,20,54.15,1.0,7.29,Low
2,Friday,12,Clear,421,558,43.13,41.87,22.58,Low
0,Wednesday,12,Foggy,234,305,41.53,31.71,21.26,Low
2,Tuesday,4,Clear,382,569,39.2,38.27,20.33,Low
4,Monday,12,Clear,403,608,39.11,42.45,23.5,Low
14,Saturday,8,Rainy,134,193,51.74,12.42,13.5,Low
13,Saturday,2,Clear,121,180,47.9,5.41,6.11,Low
2,Friday,1,Clear,386,566,42.85,38.57,20.59,Low
0,Sunday,3,Cloudy,183,273,44.27,26.47,13.45,Low
4,Sunday,9,Clear,472,721,41.9,46.4,23.81,Low
22,Thursday,4,Rainy,64,108,48.71,2.29,6.92,Low
13,Friday,10,Clear,10,20,59.54,1.0,4.48,Low
6,Thursday,5,Foggy,529,820,30.19,58.32,29.03,Low
8,Sunday,2,Clear,558,841,26.72,71.43,39.72,Medium
14,Friday,4,Clear,76,150,57.28,7.78,5.44,Low
14,Friday,2,Cloudy,10,57,55.6,1.44,3.47,Low
9,Friday,2,Foggy,444,622,28.46,45.36,24.38,Low
12,Sunday,4,Clear,252,352,57.05,27.69,18.89,Low
18,Thursday,6,Clear,10,39,56.47,7.26,5.39,Low
6,Thursday,7,Cloudy,496,694,26.21,55.83,32.85,Low
16,Friday,10,Rainy,10,57,47.45,11.77,5.64,Low
19,Tuesday,3,Foggy,10,20,46.34,7.41,3.66,Low
3,Wednesday,3,Foggy,447,687,25.97,49.24,36.44,Medium
4,Sunday,10,Clear,389,580,41.12,42.69,29.18,Low
22,Wednesday,6,Clear,31,20,67.46,11.6,7.07,Low
6,Wednesday,12,Rainy,579,900,31.17,65.02,40.32,Medium
12,Thursday,3,Clear,281,504,52.46,38.27,24.68,Low
14,Thursday,2,Clear,10,20,72.07,11.13,5.07,Low
10,Tuesday,8,Cloudy,293,429,46.47,31.53,15.74,Low
3,Wednesday,5,Rainy,398,517,37.64,45.98,27.65,Low
12,Wednesday,1,Foggy,244,406,39.82,32.01,19.3,Low
6,Friday,3,Rainy,408,639,34.8,49.17,26.25,Low
18,Thursday,10,Rainy,10,20,53.47,4.91,6.49,Low
21,Wednesday,8,Clear,10,20,57.52,1.0,0.0,Low
1,Saturday,4,Clear,343,456,36.62,33.87,20.01,Low
9,Tuesday,7,Clear,328,511,42.95,33.97,15.6,Low
12,Saturday,10,Clear,204,328,52.63,28.74,12.65,Low
20,Saturday,12,Foggy,10,20,47.86,1.0,0.47,Low
5,Sunday,2,Clear,563,859,26.52,70.17,39.95,Medium
11,Sunday,7,Clear,307,465,43.82,38.01,19.26,Low
11,Tuesday,5,Clear,248,360,46.51,33.33,15.16,Low
19,Saturday,5,Clear,10,44,59.19,1.0,3.62,Low
10,Wednesday,6,Clear,330,458,45.95,37.03,25.17,Low
22,Thursday,9,Clear,99,182,58.58,12.49,9.87,Low
6,Tuesday,6,Clear,488,710,33.1,55.5,36.18,Medium
0,Friday,12,Clear,252,431,52.31,29.48,20.88,Low
0,Saturday,8,Clear,221,301,54.61,23.17,11.96,Low
19,Tuesday,7,Foggy,73,98,45.95,8.79,8.47,Low
12,Monday,9,Clear,197,297,53.47,27.06,15.12,Low
8,Monday,4,Clear,478,718,41.02,47.28,29.26,Low
2,Sunday,2,Rainy,326,503,30.21,43.96,25.01,Low
6,Thursday,7,Clear,500,711,40.27,60.47,30.35,Low
5,Wednesday,6,Cloudy,354,529,35.35,34.51,24.2,Low
7,Thursday,1,Rainy,513,773,22.89,58.92,34.78,Low
8,Thursday,11,Clear,526,773,34.68,62.95,32.37,Low
4,Thursday,9,Rainy,479,730,17.33,47.05,27.8,Low
0,Thursday,9,Clear,134,160,54.18,15.1,7.39,Low
18,Friday,12,Rainy,10,20,56.41,1.0,0.0,Low
9,Friday,2,Clear,290,412,37.27,28.99,15.75,Low
11,Sunday,3,Cloudy,326,479,46.15,36.68,21.63,Low
23,Tuesday,5,Clear,72,151,52.91,5.0,4.58,Low
14,Monday,5,Rainy,48,115,50.63,12.2,6.76,Low
21,Thursday,1,Rainy,10,53,48.73,1.0,7.04,Low
23,Sunday,8,Clear,196,280,53.06,25.74,8.72,Low
8,Tuesday,12,Clear,464,723,41.92,43.28,24.94,Low
19,Monday,8,Rainy,10,20,54.74,1.0,1.9,Low
16,Saturday,4,Foggy,10,20,47.48,1.17,0.0,Low
16,Wednesday,7,Clear,10,20,57.12,1.0,3.34,Low
19,Friday,11,Foggy,10,67,47.15,1.0,1.96,Low
11,Saturday,10,Cloudy,371,597,41.73,37.88,25.08,Low
6,Monday,3,Cloudy,400,622,40.45,48.22,29.18,Low
1,Saturday,6,Clear,320,474,46.75,40.55,28.13,Low
2,Wednesday,10,Rainy,306,460,30.29,33.59,18.65,Low
16,Sunday,10,Clear,10,30,59.38,1.0,6.37,Low
4,Monday,12,Cloudy,488,716,29.43,63.19,31.5,Low
16,Saturday,9,Clear,10,43,62.82,1.0,1.76,Low
23,Friday,1,Clear,152,200,48.58,9.59,5.46,Low
16,Friday,5,Rainy,10,26,53.76,1.0,4.17,Low
16,Tuesday,4,Clear,12,20,57.99,1.83,4.37,Low
1,Saturday,8,Cloudy,232,331,36.0,24.69,12.42,Low
1,Thursday,11,Cloudy,239,420,49.7,31.71,19.84,Low
21,Saturday,12,Rainy,19,59,50.92,5.17,3.41,Low
22,Sunday,1,Clear,35,98,64.63,5.34,1.77,Low
4,Monday,9,Rainy,475,692,19.92,51.42,30.69,Low
0,Monday,6,Clear,92,141,53.94,15.77,5.31,Low
0,Sunday,4,Clear,214,359,48.22,33.11,21.43,Low
18,Saturday,12,Foggy,10,33,48.85,6.16,4.96,Low
1,Sunday,9,Clear,252,393,40.77,25.68,15.19,Low
20,Wednesday,11,Clear,10,63,62.22,5.02,3.86,Low
11,Sunday,5,Cloudy,267,369,53.21,27.66,20.65,Low
5,Friday,5,Clear,487,724,38.02,48.59,31.48,Low
22,Sunday,12,Clear,31,20,58.91,1.0,6.25,Low
3,Monday,5,Cloudy,320,447,34.11,33.76,19.56,Low
22,Friday,1,Clear,129,225,49.68,14.85,6.09,Low
10,Monday,1,Foggy,318,449,31.82,45.64,25.91,Low
23,Tuesday,8,Cloudy,111,188,48.8,7.92,6.95,Low
16,Thursday,12,Cloudy,10,64,61.63,7.73,7.92,Low
5,Monday,8,Rainy,569,848,26.22,61.64,35.57,Medium
23,Friday,12,Clear,99,164,68.51,1.0,0.0,Low
4,Tuesday,6,Clear,464,718,31.9,49.03,26.04,Low
19,Monday,12,Foggy,10,20,47.67,6.99,3.72,Low
1,Wednesday,11,Cloudy,243,346,37.93,28.72,18.62,Low
5,Sunday,4,Rainy,537,775,14.04,61.69,39.66,Medium
21,Thursday,2,Clear,10,20,63.11,7.75,7.55,Low
10,Monday,2,Clear,377,586,43.63,36.71,21.55,Low
15,Tuesday,9,Clear,66,81,52.43,2.07,0.0,Low
15,Wednesday,5,Rainy,10,20,51.97,1.0,0.0,Low
0,Saturday,4,Clear,255,351,44.1,32.72,18.21,Low
8,Tuesday,10,Cloudy,551,863,26.98,64.03,36.02,Medium
5,Sunday,1,Rainy,477,699,26.55,56.62,35.84,Medium
15,Tuesday,7,Clear,10,60,55.02,1.0,2.55,Low
2,Wednesday,3,Rainy,305,459,33.17,25.87,13.02,Low
19,Tuesday,6,Clear,10,20,56.06,1.0,4.27,Low
3,Wednesday,5,Rainy,371,551,35.56,36.61,21.06,Low
18,Monday,5,Rainy,10,20,37.63,8.88,5.89,Low
2,Wednesday,11,Foggy,409,631,26.41,50.45,24.16,Low
18,Wednesday,5,Foggy,10,20,42.06,1.0,3.13,Low
19,Thursday,1,Clear,10,20,54.24,2.61,3.83,Low
6,Wednesday,1,Clear,501,740,32.32,52.27,26.24,Low
19,Wednesday,3,Rainy,10,20,51.43,2.93,5.64,Low
8,Saturday,12,Clear,434,621,37.23,42.53,25.92,Low
0,Monday,10,Clear,219,353,43.73,28.08,16.48,Low
7,Sunday,4,Clear,529,788,37.16,54.53,29.99,Low
6,Thursday,5,Rainy,574,851,18.79,67.81,42.06,Medium
17,Saturday,2,Clear,10,20,55.83,1.0,3.39,Low
7,Friday,8,Rainy,458,666,30.52,46.94,24.64,Low
0,Monday,11,Cloudy,146,209,51.3,24.29,13.5,Low
10,Monday,11,Clear,461,697,33.89,52.11,30.67,Low
17,Friday,2,Clear,10,20,44.82,1.0,0.0,Low
22,Sunday,9,Clear,47,43,53.22,9.01,3.59,Low
9,Wednesday,2,Cloudy,508,803,32.41,49.74,30.0,Low
2,Saturday,9,Clear,344,505,46.24,43.76,27.67,Low
6,Tuesday,7,Clear,536,787,32.8,58.86,35.54,Medium
15,Thursday,8,Clear,10,20,57.11,4.12,6.49,Low
15,Tuesday,11,Foggy,10,40,58.97,1.0,2.59,Low
19,Friday,2,Clear,10,20,57.64,1.0,0.0,Low
16,Monday,7,Foggy,10,20,50.56,1.13,1.95,Low
1,Sunday,12,Cloudy,332,446,33.72,42.04,18.01,Low
0,Monday,6,Clear,235,377,42.8,29.51,21.0,Low
15,Thursday,4,Foggy,39,93,49.29,2.37,0.76,Low
11,Monday,7,Clear,293,454,50.57,34.15,17.45,Low
4,Monday,4,Cloudy,414,574,34.35,52.28,32.23,Low
4,Thursday,2,Rainy,545,842,15.51,59.56,31.38,Low
22,Saturday,10,Cloudy,36,29,54.36,2.46,0.0,Low
8,Saturday,12,Clear,478,681,37.05,43.66,25.33,Low
8,Thursday,7,Clear,491,724,35.94,53.16,30.92,Low
2,Sunday,8,Clear,367,538,38.83,32.08,18.4,Low
18,Friday,2,Clear,10,20,58.74,1.0,2.09,Low
15,Monday,5,Clear,41,99,54.2,9.5,10.4,Low
15,Sunday,1,Clear,10,75,53.94,1.0,4.26,Low
2,Monday,7,Clear,431,605,42.23,54.06,30.9,Low
19,Friday,8,Clear,10,20,59.99,1.0,4.49,Low
23,Saturday,6,Foggy,139,212,40.3,15.31,9.23,Low
21,Sunday,5,Clear,10,20,56.96,1.0,8.77,Low
23,Wednesday,6,Clear,88,143,54.7,1.21,0.0,Low
0,Wednesday,2,Clear,252,405,48.2,24.09,18.49,Low
23,Wednesday,1,Clear,278,439,54.74,41.38,25.22,Low
19,Saturday,7,Cloudy,10,33,59.77,1.0,2.92,Low
10,Saturday,7,Clear,410,664,36.17,37.61,21.81,Low
16,Friday,10,Rainy,10,20,48.22,1.82,2.52,Low
7,Monday,11,Cloudy,489,777,28.49,53.9,33.77,Low
3,Friday,10,Foggy,500,737,22.0,53.94,31.4,Low
5,Friday,2,Rainy,436,677,26.14,48.52,25.9,Low
7,Saturday,2,Foggy,422,602,29.27,50.11,31.18,Low
19,Wednesday,1,Cloudy,10,20,43.28,1.0,7.56,Low
2,Tuesday,10,Rainy,383,594,35.53,43.53,18.8,Low
15,Monday,8,Rainy,11,20,52.83,6.34,12.14,Low
2,Saturday,8,Rainy,368,581,39.91,35.91,17.35,Low
17,Wednesday,1,Rainy,10,52,55.88,1.0,0.0,Low
13,Sunday,12,Rainy,161,246,40.53,21.24,9.35,Low
17,Tuesday,11,Clear,10,20,63.32,13.63,8.39,Low
1,Tuesday,8,Clear,240,334,47.16,26.63,11.6,Low
21,Saturday,9,Clear,10,35,49.83,2.12,0.0,Low
2,Thursday,4,Clear,385,587,41.54,41.3,20.99,Low
15,Monday,1,Clear,62,65,53.78,14.83,9.69,Low
8,Tuesday,1,Clear,415,610,39.25,45.72,26.11,Low
3,Saturday,3,Rainy,484,721,36.06,52.84,32.92,Low
0,Saturday,5,Clear,177,253,52.27,24.22,17.68,Low
3,Wednesday,5,Foggy,405,566,22.66,42.58,28.78,Low
0,Sunday,9,Clear,229,364,53.37,19.02,10.6,Low
13,Thursday,10,Clear,112,160,56.21,16.86,4.68,Low
20,Monday,12,Rainy,10,20,45.82,1.0,0.0,Low
15,Friday,2,Rainy,10,20,43.47,1.0,5.85,Low
19,Sunday,2,Clear,10,29,54.61,11.61,10.17,Low
23,Sunday,6,Cloudy,174,266,52.48,18.44,9.28,Low
7,Wednesday,9,Cloudy,451,712,32.94,52.58,25.0,Low
6,Tuesday,1,Clear,512,782,34.81,57.04,28.25,Low
2,Tuesday,9,Clear,266,392,40.01,25.12,15.59,Low
16,Wednesday,9,Cloudy,31,24,59.77,6.89,5.65,Low
0,Saturday,9,Rainy,260,415,28.92,30.46,21.82,Low
15,Tuesday,5,Rainy,125,179,42.47,10.59,6.3,Low
11,Thursday,9,Foggy,344,510,32.89,40.39,22.5,Low
18,Monday,11,Clear,10,20,53.89,1.0,5.73,Low
21,Sunday,4,Clear,21,20,62.02,1.0,0.0,Low
22,Sunday,2,Clear,10,20,55.15,1.0,3.27,Low
21,Thursday,6,Foggy,66,156,38.57,8.68,5.93,Low
13,Tuesday,4,Rainy,67,69,55.08,5.53,6.72,Low
5,Sunday,6,Rainy,432,623,31.17,55.51,32.5,Low
5,Friday,3,Clear,409,655,42.15,45.23,22.9,Low
12,Monday,6,Clear,175,251,56.34,15.52,8.01,Low
18,Monday,2,Clear,10,20,46.4,1.9,0.0,Low
21,Sunday,2,Rainy,10,46,54.67,1.0,4.58,Low
7,Wednesday,9,Rainy,589,840,18.74,65.02,38.57,Medium
1,Sunday,7,Clear,304,480,41.65,35.37,24.28,Low
20,Wednesday,3,Cloudy,10,20,58.69,2.09,1.55,Low
0,Sunday,11,Clear,279,432,44.23,37.51,23.76,Low
14,Friday,1,Cloudy,62,106,56.87,19.88,8.49,Low
0,Saturday,8,Clear,162,224,51.7,21.36,4.5,Low
4,Monday,6,Rainy,374,592,34.14,47.45,26.37,Low
15,Sunday,7,Clear,10,20,57.05,13.83,6.97,Low
18,Friday,9,Cloudy,10,27,51.18,1.0,0.0,Low
3,Wednesday,5,Clear,349,560,38.85,39.43,24.98,Low
2,Wednesday,1,Clear,367,591,41.14,38.39,25.25,Low
16,Monday,12,Clear,10,20,68.69,5.32,4.43,Low
16,Thursday,10,Clear,10,28,66.86,2.47,2.18,Low
11,Sunday,7,Clear,297,434,41.88,28.91,17.03,Low
13,Tuesday,5,Cloudy,155,307,49.55,17.28,8.7,Low
20,Wednesday,3,Clear,10,38,58.06,6.35,6.58,Low
5,Saturday,12,Foggy,570,857,20.15,56.81,28.75,Low
2,Saturday,9,Rainy,297,454,38.44,29.01,13.89,Low
8,Wednesday,1,Rainy,471,718,31.09,47.6,24.64,Low
4,Thursday,1,Clear,368,565,27.09,42.52,26.58,Low
23,Thursday,1,Clear,18,20,60.93,8.2,4.83,Low
16,Friday,3,Foggy,10,20,45.51,1.0,6.78,Low
13,Saturday,12,Cloudy,149,218,46.03,17.03,13.1,Low
20,Friday,6,Clear,21,20,62.92,1.0,0.0,Low
2,Saturday,10,Clear,470,726,43.83,57.25,32.81,Low
0,Sunday,11,Clear,265,373,50.2,28.26,14.9,Low
19,Sunday,3,Cloudy,10,20,53.91,1.76,4.16,Low
20,Tuesday,8,Clear,10,20,54.12,1.1,4.96,Low
22,Sunday,10,Clear,10,20,44.47,6.73,8.96,Low
0,Tuesday,2,Cloudy,192,295,48.31,31.58,18.46,Low
2,Sunday,9,Clear,414,603,42.2,40.33,27.33,Low
17,Monday,3,Clear,10,20,58.99,1.0,3.52,Low
9,Sunday,5,Rainy,347,541,39.32,40.16,23.03,Low
21,Friday,10,Cloudy,18,45,49.5,1.0,1.61,Low
2,Wednesday,8,Clear,376,581,40.34,46.45,23.81,Low
7,Friday,2,Clear,507,761,33.4,61.8,35.16,Medium
13,Wednesday,6,Clear,120,185,53.45,10.6,7.47,Low
23,Thursday,12,Clear,155,239,58.09,13.4,9.21,Low
17,Friday,5,Rainy,10,20,50.98,1.0,3.9,Low
14,Thursday,10,Clear,17,69,57.68,2.41,3.71,Low
21,Tuesday,9,Clear,10,54,54.82,2.69,9.21,Low
22,Tuesday,12,Clear,40,83,64.64,1.0,0.46,Low
1,Monday,5,Rainy,203,291,34.69,17.72,13.04,Low
9,Sunday,2,Rainy,384,592,30.04,40.65,22.97,Low
1,Friday,5,Cloudy,199,327,55.52,18.13,3.48,Low
16,Thursday,12,Clear,10,20,61.84,1.0,1.54,Low
7,Wednesday,4,Foggy,507,811,22.55,46.89,25.07,Low
0,Tuesday,11,Foggy,182,220,39.01,13.7,9.21,Low
8,Sunday,7,Clear,530,816,28.77,58.31,32.55,Low
10,Tuesday,6,Clear,353,573,42.01,37.04,22.06,Low
21,Wednesday,2,Clear,10,20,57.75,1.0,0.64,Low
15,Sunday,12,Clear,10,20,60.4,5.09,2.99,Low
6,Sunday,11,Clear,581,891,23.42,68.54,40.64,Medium
9,Thursday,11,Clear,378,622,43.09,42.75,21.27,Low
22,Thursday,5,Clear,63,86,61.93,7.6,0.0,Low
2,Friday,7,Foggy,387,557,27.63,38.72,23.45,Low
17,Friday,11,Clear,10,20,62.74,1.0,5.31,Low
23,Saturday,7,Foggy,244,319,37.35,18.57,14.03,Low
12,Saturday,5,Rainy,141,238,41.91,14.41,10.12,Low
6,Monday,12,Cloudy,446,653,29.41,53.48,33.89,Low
3,Tuesday,9,Rainy,354,524,29.71,46.1,29.66,Low
12,Friday,4,Clear,185,304,52.21,19.33,10.59,Low
19,Thursday,11,Rainy,10,20,51.22,3.57,4.48,Low
0,Wednesday,3,Clear,148,244,58.98,2.16,3.65,Low
7,Thursday,4,Clear,545,786,36.7,58.39,31.66,Low
13,Tuesday,5,Cloudy,124,214,54.74,11.5,10.98,Low
15,Saturday,6,Clear,10,25,60.82,8.57,5.47,Low
13,Thursday,3,Clear,34,48,53.49,5.74,3.24,Low
11,Monday,2,Rainy,201,305,43.58,24.8,6.92,Low
18,Tuesday,4,Cloudy,10,20,56.82,3.32,1.03,Low
22,Saturday,5,Rainy,41,64,44.26,4.78,0.7,Low
14,Wednesday,4,Clear,117,171,60.2,20.66,11.87,Low
1,Saturday,11,Rainy,317,437,41.66,23.7,10.49,Low
1,Sunday,12,Clear,235,332,42.53,26.84,17.6,Low
22,Monday,3,Rainy,70,101,45.31,13.43,12.25,Low
21,Tuesday,8,Cloudy,70,86,50.75,1.0,2.38,Low
18,Wednesday,10,Rainy,10,20,54.55,5.3,1.53,Low
21,Monday,4,Cloudy,10,47,58.97,1.0,3.05,Low
21,Saturday,2,Clear,35,48,58.47,4.44,9.61,Low
16,Monday,2,Rainy,10,20,52.87,1.0,7.14,Low
19,Tuesday,1,Foggy,10,79,41.06,5.91,1.17,Low
9,Friday,4,Clear,386,616,42.61,41.45,18.74,Low
5,Monday,10,Cloudy,600,889,26.5,70.9,34.12,Low
14,Sunday,9,Clear,34,25,54.9,5.95,1.39,Low
21,Monday,11,Rainy,10,27,43.84,1.0,3.54,Low
10,Saturday,7,Foggy,343,520,30.98,40.62,21.87,Low
4,Saturday,12,Rainy,516,790,27.98,54.02,28.07,Low
0,Wednesday,10,Clear,200,274,41.49,22.54,16.8,Low
7,Saturday,7,Rainy,525,820,25.84,56.8,33.86,Low
20,Thursday,7,Rainy,10,20,52.11,5.61,0.0,Low
11,Tuesday,8,Cloudy,259,408,41.28,31.48,21.11,Low
11,Tuesday,1,Clear,251,352,49.35,27.74,17.41,Low
4,Friday,10,Clear,467,779,35.99,48.46,28.59,Low
6,Friday,10,Rainy,508,782,28.02,50.1,26.91,Low
3,Tuesday,8,Clear,414,707,41.97,46.68,25.16,Low
5,Sunday,4,Rainy,494,765,29.97,51.73,23.28,Low
12,Friday,4,Rainy,162,226,48.98,8.61,8.95,Low
19,Wednesday,4,Cloudy,10,39,58.19,1.0,0.0,Low
14,Saturday,6,Rainy,79,145,45.66,16.91,8.03,Low
2,Tuesday,7,Rainy,283,435,34.61,28.14,14.31,Low
22,Friday,6,Clear,30,63,53.18,8.74,11.65,Low
7,Tuesday,1,Clear,494,763,36.06,53.11,27.32,Low
19,Thursday,12,Clear,10,20,66.11,7.31,7.99,Low
15,Monday,8,Clear,19,20,57.26,7.95,5.65,Low
12,Saturday,10,Rainy,196,270,44.45,17.65,8.59,Low
17,Tuesday,11,Rainy,10,20,47.74,1.0,0.0,Low
9,Monday,7,Rainy,392,581,33.37,34.04,18.13,Low
18,Friday,6,Foggy,10,20,53.8,1.0,2.14,Low
16,Monday,6,Cloudy,10,38,59.93,10.56,8.75,Low
23,Saturday,5,Foggy,151,234,32.6,14.72,9.02,Low
18,Tuesday,6,Rainy,10,20,54.35,1.84,1.23,Low
22,Thursday,12,Rainy,71,98,51.53,14.41,6.5,Low
4,Sunday,9,Clear,466,687,37.57,52.33,25.24,Low
20,Friday,10,Clear,10,20,62.84,1.49,0.0,Low
22,Tuesday,9,Clear,98,175,50.93,14.0,11.93,Low
8,Saturday,10,Cloudy,482,701,33.22,55.0,28.92,Low
11,Friday,8,Foggy,329,499,37.1,36.06,19.4,Low
20,Wednesday,10,Clear,10,64,64.6,1.0,0.05,Low
0,Monday,9,Clear,184,266,53.54,20.84,11.34,Low
0,Sunday,10,Foggy,209,342,33.14,28.69,18.48,Low
14,Saturday,8,Clear,10,32,54.3,10.02,5.39,Low
1,Wednesday,8,Clear,258,396,47.67,30.13,17.7,Low
21,Tuesday,1,Cloudy,10,27,57.4,4.89,8.44,Low
15,Thursday,10,Clear,10,20,59.0,2.46,0.47,Low
7,Friday,11,Clear,484,727,31.78,53.34,28.5,Low
12,Monday,5,Rainy,130,178,47.68,17.02,12.53,Low
20,Friday,4,Cloudy,10,20,57.05,7.06,9.77,Low
0,Sunday,2,Rainy,241,343,41.4,22.35,9.86,Low
15,Tuesday,8,Clear,70,135,59.47,1.0,0.0,Low
6,Friday,3,Clear,522,732,32.53,55.33,30.74,Low
4,Monday,4,Clear,459,702,34.61,52.06,28.61,Low
21,Tuesday,12,Rainy,10,25,57.04,5.46,6.58,Low
22,Friday,7,Foggy,124,193,38.01,8.83,8.69,Low
2,Thursday,10,Clear,362,573,39.55,27.78,16.32,Low
11,Saturday,9,Cloudy,287,421,48.82,29.34,19.87,Low
15,Tuesday,2,Clear,10,22,56.76,1.0,0.22,Low
18,Saturday,3,Clear,10,20,59.01,1.0,2.83,Low
4,Tuesday,4,Clear,494,728,33.24,51.11,24.92,Low
21,Thursday,10,Clear,10,40,50.58,5.45,4.57,Low
13,Saturday,1,Rainy,203,264,41.23,22.95,9.51,Low
4,Wednesday,7,Rainy,530,799,20.45,60.62,31.85,Low
14,Monday,2,Clear,32,27,59.67,1.78,7.69,Low
16,Wednesday,5,Rainy,10,20,57.03,1.0,0.0,Low
13,Friday,1,Clear,21,20,47.88,1.0,1.94,Low
19,Thursday,3,Foggy,10,20,45.47,3.61,6.48,Low
4,Wednesday,12,Cloudy,496,755,34.46,47.65,33.39,Low
11,Tuesday,2,Clear,293,438,34.43,40.81,23.84,Low
15,Friday,1,Rainy,12,36,58.08,4.21,4.53,Low
15,Friday,7,Clear,10,38,61.4,1.0,2.25,Low
20,Wednesday,5,Clear,10,51,64.92,5.18,7.3,Low
6,Wednesday,1,Clear,568,856,28.78,69.22,39.38,Medium
3,Thursday,6,Foggy,407,648,25.43,43.57,23.99,Low
0,Monday,5,Rainy,136,174,44.4,14.03,12.61,Low
4,Wednesday,3,Clear,454,708,47.99,57.91,29.65,Low
22,Sunday,12,Foggy,11,30,54.04,11.82,2.96,Low
9,Wednesday,7,Rainy,428,648,31.26,47.7,22.26,Low
21,Saturday,11,Foggy,10,28,48.77,1.0,1.95,Low
4,Tuesday,10,Rainy,486,700,30.87,51.65,29.37,Low
3,Sunday,9,Rainy,351,490,46.41,44.17,27.1,Low
1,Sunday,9,Clear,255,433,49.16,23.18,15.55,Low
19,Saturday,9,Clear,10,20,59.73,1.0,2.41,Low
9,Saturday,2,Cloudy,344,510,38.11,39.69,25.5,Low
18,Friday,3,Clear,10,20,60.67,1.0,2.19,Low
0,Monday,7,Cloudy,209,269,43.61,28.7,12.77,Low
23,Tuesday,5,Rainy,136,201,47.68,18.58,6.86,Low
4,Thursday,2,Clear,435,642,31.09,58.38,36.24,Medium
12,Sunday,3,Clear,186,279,49.4,24.57,7.58,Low
3,Thursday,10,Clear,438,659,41.77,43.86,23.72,Low
15,Wednesday,6,Cloudy,30,119,57.35,5.99,13.68,Low
23,Wednesday,7,Clear,68,91,54.29,12.5,9.47,Low
15,Thursday,9,Clear,10,62,58.34,6.31,4.24,Low
22,Wednesday,1,Clear,125,236,58.93,10.0,1.65,Low
1,Monday,11,Clear,271,429,40.4,25.63,20.14,Low
16,Saturday,7,Clear,10,20,53.48,1.0,6.01,Low
19,Wednesday,8,Clear,10,20,54.85,9.13,8.44,Low
23,Friday,12,Foggy,114,185,42.25,15.78,10.26,Low
11,Wednesday,3,Clear,329,524,36.77,32.45,20.66,Low
17,Tuesday,4,Clear,10,67,64.27,1.75,1.98,Low
2,Monday,10,Clear,359,510,37.43,39.27,19.39,Low
0,Tuesday,6,Clear,150,217,53.62,11.8,10.64,Low
0,Tuesday,10,Cloudy,249,345,41.65,27.85,16.17,Low
18,Friday,7,Rainy,10,20,51.17,2.06,4.55,Low
10,Monday,4,Clear,324,505,35.78,45.66,25.26,Low
4,Monday,8,Rainy,491,716,32.46,51.28,30.11,Low
11,Monday,5,Clear,175,237,46.44,10.9,7.56,Low
2,Monday,1,Clear,358,560,36.77,34.53,19.71,Low
0,Monday,4,Cloudy,148,235,61.5,11.98,7.71,Low
0,Friday,3,Foggy,200,310,40.77,20.09,21.38,Low
7,Wednesday,9,Cloudy,472,688,38.21,47.21,28.63,Low
9,Tuesday,8,Clear,517,814,36.44,61.56,41.28,Medium
10,Monday,1,Rainy,330,495,33.24,31.09,18.53,Low
11,Sunday,11,Clear,369,624,35.02,41.1,22.48,Low
12,Wednesday,6,Clear,229,348,47.06,35.45,16.63,Low
11,Wednesday,9,Foggy,237,285,31.26,29.1,22.56,Low
13,Tuesday,7,Clear,138,135,48.51,17.59,8.14,Low
1,Friday,4,Foggy,262,411,26.98,38.4,28.33,Low
18,Thursday,1,Rainy,10,54,52.07,7.34,2.54,Low
17,Thursday,12,Clear,10,20,67.37,3.94,6.11,Low
2,Wednesday,2,Rainy,434,714,33.09,46.67,21.58,Low
22,Saturday,12,Rainy,96,193,46.67,10.55,6.09,Low
16,Saturday,5,Clear,10,21,59.3,1.0,2.25,Low
7,Tuesday,12,Foggy,576,880,5.0,61.99,49.2,Medium
9,Thursday,11,Rainy,415,649,29.13,47.17,26.51,Low
1,Wednesday,5,Clear,332,554,36.27,38.64,21.59,Low
18,Friday,8,Rainy,10,35,52.17,1.0,4.84,Low
8,Thursday,6,Cloudy,479,724,31.75,61.38,27.58,Low
6,Wednesday,8,Clear,495,762,30.9,57.05,30.07,Low
3,Wednesday,2,Foggy,416,640,27.76,44.91,29.82,Low
20,Monday,3,Clear,10,42,60.02,2.22,4.46,Low
17,Friday,6,Foggy,10,20,55.09,5.76,8.51,Low
12,Monday,12,Rainy,179,277,46.48,12.56,10.71,Low
10,Tuesday,10,Clear,339,522,44.13,37.14,17.59,Low
23,Monday,3,Clear,133,197,48.61,8.85,8.46,Low
3,Sunday,6,Foggy,410,638,22.13,58.84,34.24,Low
20,Monday,6,Clear,10,72,62.49,1.8,9.31,Low
3,Sunday,2,Rainy,454,685,28.3,44.56,28.22,Low
9,Thursday,7,Clear,402,623,41.15,62.66,35.33,Medium
4,Saturday,12,Cloudy,528,840,35.49,55.99,32.82,Low
8,Wednesday,2,Rainy,553,834,16.78,60.4,37.56,Medium
23,Sunday,6,Cloudy,20,20,62.99,1.54,3.68,Low
2,Friday,1,Clear,396,612,45.05,39.76,21.3,Low
16,Monday,3,Rainy,10,20,41.23,2.35,5.21,Low
2,Sunday,2,Rainy,390,516,44.27,32.28,21.24,Low
15,Friday,7,Clear,49,83,59.16,10.87,10.31,Low
3,Saturday,4,Clear,368,481,39.21,35.25,22.99,Low
17,Saturday,8,Clear,10,20,62.1,1.0,6.63,Low
16,Monday,6,Rainy,10,20,46.61,4.87,7.95,Low
6,Tuesday,12,Rainy,506,737,29.43,55.2,32.88,Low
23,Monday,10,Clear,38,52,54.13,3.4,0.12,Low
22,Thursday,4,Rainy,176,297,53.3,14.5,5.69,Low
4,Sunday,5,Clear,491,743,35.75,65.03,34.57,Low
11,Wednesday,9,Clear,311,441,47.7,37.21,20.84,Low
16,Tuesday,7,Cloudy,10,55,52.57,1.0,6.6,Low
22,Monday,10,Cloudy,20,20,60.08,3.11,0.0,Low
12,Friday,9,Rainy,206,315,41.64,17.12,7.86,Low
22,Tuesday,7,Clear,10,20,52.44,9.72,6.19,Low
2,Sunday,12,Foggy,319,486,30.86,36.44,18.47,Low
8,Tuesday,1,Clear,479,708,45.71,48.34,23.97,Low
16,Sunday,12,Clear,10,47,63.79,4.6,2.37,Low
16,Monday,8,Clear,10,36,57.61,1.0,0.0,Low
19,Sunday,4,Rainy,10,20,42.15,1.0,0.55,Low
15,Tuesday,3,Rainy,10,20,47.34,3.02,7.71,Low
21,Friday,7,Clear,16,20,52.17,3.54,5.53,Low
12,Saturday,12,Rainy,237,411,30.92,32.02,21.54,Low
18,Tuesday,3,Cloudy,10,63,60.43,1.43,2.27,Low
16,Sunday,8,Clear,10,20,59.81,1.65,5.53,Low
3,Saturday,6,Rainy,442,687,38.88,49.91,30.07,Low
11,Sunday,5,Cloudy,372,506,33.41,49.31,29.44,Low
8,Friday,4,Clear,465,684,36.74,50.12,25.82,Low
18,Sunday,8,Clear,10,20,52.53,3.46,2.31,Low
11,Monday,8,Rainy,308,494,33.63,37.31,24.8,Low
8,Wednesday,12,Rainy,448,633,28.49,51.53,27.72,Low
6,Tuesday,1,Foggy,592,900,16.53,64.04,34.2,Low
13,Wednesday,9,Clear,178,267,51.37,20.38,10.53,Low
19,Sunday,5,Cloudy,10,20,61.36,1.0,6.81,Low
18,Friday,4,Clear,10,65,63.83,10.91,5.42,Low
14,Tuesday,6,Clear,29,96,54.7,1.0,3.31,Low
15,Sunday,6,Rainy,22,28,50.75,1.0,0.62,Low
20,Saturday,2,Clear,10,20,63.47,1.08,4.41,Low
4,Thursday,8,Clear,536,758,38.38,59.17,33.8,Low
2,Sunday,7,Clear,341,511,39.64,38.87,17.49,Low
11,Wednesday,1,Clear,292,496,48.94,30.16,17.93,Low
19,Tuesday,5,Clear,10,20,61.16,1.66,0.0,Low
20,Wednesday,12,Cloudy,10,36,51.17,1.76,1.17,Low
3,Tuesday,6,Clear,389,541,44.55,47.75,26.09,Low
20,Sunday,4,Rainy,10,20,52.26,1.58,8.24,Low
22,Monday,2,Foggy,87,144,34.94,10.18,8.91,Low
15,Saturday,4,Cloudy,10,20,55.03,3.69,1.36,Low
6,Sunday,1,Clear,443,689,38.05,53.56,28.46,Low
12,Wednesday,7,Cloudy,276,395,40.17,25.75,18.14,Low
20,Thursday,2,Rainy,10,20,57.64,1.0,0.0,Low
9,Thursday,2,Rainy,423,668,37.17,55.48,33.72,Low
6,Friday,9,Rainy,524,757,23.89,61.74,33.49,Low
13,Tuesday,5,Foggy,59,103,42.59,5.46,2.33,Low
4,Wednesday,2,Clear,482,736,35.24,53.65,28.19,Low
2,Friday,11,Rainy,354,481,33.3,37.37,16.84,Low
22,Wednesday,9,Rainy,17,56,48.19,2.95,0.0,Low
10,Tuesday,9,Foggy,292,421,14.86,27.59,20.28,Low
10,Sunday,1,Cloudy,380,571,46.77,46.42,25.15,Low
17,Sunday,11,Clear,10,20,59.5,1.99,3.44,Low
14,Thursday,3,Cloudy,58,135,53.21,7.5,5.37,Low
11,Sunday,4,Clear,205,347,51.38,18.31,18.09,Low
8,Sunday,7,Clear,406,554,39.3,47.73,26.92,Low
9,Monday,10,Clear,390,652,38.35,38.98,17.97,Low
11,Thursday,4,Clear,355,512,37.22,35.98,17.32,Low
16,Friday,2,Rainy,10,78,42.31,1.55,3.14,Low
5,Saturday,7,Clear,466,691,29.93,64.31,34.19,Low
6,Monday,6,Clear,416,613,33.62,47.08,22.83,Low
13,Friday,3,Cloudy,89,126,55.8,1.0,2.12,Low
12,Tuesday,6,Foggy,138,194,44.72,12.12,8.16,Low
7,Monday,11,Foggy,439,734,21.64,52.2,35.51,Medium
9,Friday,6,Cloudy,418,624,22.78,40.8,22.04,Low
8,Tuesday,12,Rainy,439,649,30.1,52.93,28.54,Low
17,Thursday,5,Clear,10,20,57.39,1.91,7.47,Low
1,Saturday,4,Clear,331,467,41.22,41.73,24.28,Low
4,Tuesday,10,Rainy,429,691,35.33,44.87,22.5,Low
4,Sunday,12,Clear,413,575,40.04,42.7,21.71,Low
5,Wednesday,1,Rainy,558,818,19.22,64.82,33.97,Low
18,Tuesday,10,Clear,10,43,53.47,1.07,2.64,Low
7,Tuesday,6,Clear,380,571,39.69,41.88,26.55,Low
15,Saturday,2,Rainy,10,31,46.97,8.96,11.5,Low
12,Wednesday,3,Rainy,187,326,42.29,23.8,9.81,Low
0,Sunday,8,Rainy,232,378,45.53,15.83,12.72,Low
21,Friday,10,Rainy,85,131,40.85,13.44,9.66,Low
19,Friday,6,Clear,10,77,59.94,4.61,3.19,Low
16,Tuesday,3,Clear,10,20,64.08,7.04,3.83,Low
6,Wednesday,7,Cloudy,528,788,30.17,53.97,24.54,Low
12,Wednesday,4,Rainy,269,402,42.16,31.51,20.04,Low
3,Sunday,9,Clear,396,590,38.76,44.56,20.9,Low
3,Saturday,5,Foggy,376,531,30.05,36.99,19.58,Low
5,Thursday,3,Clear,467,652,38.85,56.62,32.14,Low
18,Friday,2,Clear,10,27,56.64,1.0,0.0,Low
11,Saturday,11,Clear,254,361,57.25,33.99,14.78,Low
21,Monday,2,Rainy,10,72,54.39,1.0,5.99,Low
6,Friday,3,Rainy,501,749,33.46,48.36,27.54,Low
9,Saturday,2,Clear,408,604,44.96,44.12,22.3,Low
18,Friday,4,Cloudy,10,47,58.14,2.27,3.23,Low
6,Thursday,2,Clear,476,726,43.13,50.22,29.44,Low
2,Monday,10,Clear,328,486,44.54,21.12,16.18,Low
12,Thursday,9,Clear,239,339,44.4,28.47,13.15,Low
12,Sunday,2,Clear,150,334,52.57,18.56,8.11,Low
17,Monday,9,Clear,10,25,54.47,4.55,5.93,Low
19,Tuesday,6,Rainy,10,47,40.99,1.0,4.86,Low
7,Saturday,1,Foggy,532,767,17.14,56.94,30.27,Low
8,Monday,4,Rainy,454,663,29.66,57.65,29.23,Low
6,Sunday,1,Clear,434,714,43.61,40.35,21.88,Low
0,Sunday,6,Clear,242,404,43.62,25.65,15.19,Low
2,Thursday,4,Clear,322,496,48.95,36.49,20.44,Low
12,Friday,3,Clear,156,222,46.15,20.36,8.27,Low
16,Monday,3,Foggy,10,20,42.9,1.96,3.44,Low
23,Saturday,9,Clear,196,273,57.45,17.17,8.17,Low
0,Monday,6,Rainy,180,235,43.24,25.84,11.73,Low
5,Wednesday,9,Cloudy,518,804,30.23,57.57,32.06,Low
20,Friday,5,Clear,10,31,60.68,1.0,1.81,Low
5,Saturday,2,Foggy,511,788,16.42,57.82,37.41,Medium
11,Saturday,8,Rainy,341,501,33.3,40.27,20.55,Low
12,Tuesday,5,Rainy,164,253,43.81,28.03,17.0,Low
12,Thursday,2,Rainy,147,207,50.81,18.38,6.45,Low
14,Tuesday,4,Clear,10,20,51.15,1.0,1.63,Low
20,Saturday,9,Clear,10,65,68.31,1.0,3.35,Low
15,Friday,4,Clear,10,20,58.88,7.4,7.04,Low
21,Monday,12,Clear,10,30,53.95,1.0,4.02,Low
20,Monday,12,Rainy,10,40,45.04,1.0,5.13,Low
10,Friday,12,Clear,400,604,41.37,49.45,25.8,Low
4,Saturday,4,Cloudy,474,718,26.56,50.29,30.4,Low
3,Sunday,2,Rainy,391,553,29.65,48.18,33.07,Low
2,Monday,12,Clear,370,528,40.25,36.54,19.35,Low
18,Sunday,6,Clear,10,20,65.22,8.48,9.91,Low
19,Monday,11,Cloudy,10,33,61.59,5.47,6.99,Low
17,Monday,2,Foggy,10,20,44.29,1.0,1.96,Low
14,Thursday,12,Rainy,56,57,48.14,1.0,2.03,Low
8,Thursday,7,Clear,480,737,28.02,64.86,36.35,Medium
16,Wednesday,3,Clear,10,31,49.3,1.0,4.99,Low
13,Tuesday,3,Clear,179,247,44.9,16.08,11.47,Low
14,Friday,5,Clear,141,210,58.57,22.6,11.58,Low
0,Friday,3,Foggy,119,194,45.95,17.95,4.91,Low
20,Friday,2,Rainy,10,20,53.42,7.03,7.4,Low
21,Wednesday,10,Rainy,10,31,44.21,1.0,0.0,Low
21,Thursday,9,Cloudy,10,24,52.94,10.52,3.05,Low
2,Saturday,2,Rainy,444,636,25.51,42.78,24.1,Low
15,Sunday,11,Clear,10,21,58.67,1.0,0.0,Low
22,Sunday,2,Clear,119,189,52.9,15.17,10.43,Low
10,Saturday,8,Cloudy,247,351,39.64,33.29,18.28,Low
11,Wednesday,9,Clear,318,460,45.85,38.64,23.86,Low
9,Saturday,7,Cloudy,376,533,39.34,41.36,18.4,Low
15,Friday,3,Foggy,10,20,43.86,1.0,0.79,Low
7,Tuesday,9,Clear,477,715,37.67,58.87,32.1,Low
5,Monday,3,Rainy,418,610,36.72,50.27,27.98,Low
11,Sunday,5,Cloudy,299,403,49.19,28.85,18.54,Low
23,Thursday,9,Rainy,131,175,47.9,10.03,4.36,Low
20,Thursday,12,Cloudy,10,20,58.81,1.0,0.8,Low
7,Wednesday,3,Cloudy,534,825,29.1,55.96,32.94,Low
3,Thursday,7,Clear,487,748,40.8,59.26,25.49,Low
7,Friday,12,Clear,471,731,31.1,54.51,31.63,Low
17,Sunday,1,Cloudy,10,20,61.07,3.9,5.88,Low
4,Saturday,4,Rainy,474,715,26.86,53.63,26.53,Low
8,Friday,4,Clear,478,644,43.55,54.3,28.5,Low
3,Wednesday,7,Clear,431,659,41.39,39.98,26.88,Low
21,Friday,8,Rainy,67,118,48.31,11.42,9.76,Low
16,Saturday,1,Cloudy,10,20,55.32,1.0,3.65,Low
8,Tuesday,5,Foggy,383,583,31.48,42.39,27.34,Low
0,Wednesday,7,Rainy,165,202,46.14,15.97,15.56,Low
20,Tuesday,12,Clear,10,20,57.51,1.84,2.71,Low
19,Monday,4,Clear,10,37,59.96,3.98,2.43,Low
12,Tuesday,4,Cloudy,176,279,52.68,14.51,12.12,Low
15,Monday,4,Clear,10,20,52.68,2.37,2.52,Low
12,Monday,12,Clear,211,340,53.08,21.2,9.7,Low
13,Tuesday,6,Clear,154,235,54.91,23.72,12.06,Low
2,Wednesday,7,Rainy,365,532,39.68,34.98,20.95,Low
5,Saturday,2,Cloudy,477,710,29.57,47.99,26.03,Low
17,Friday,5,Clear,10,20,59.53,1.0,1.05,Low
18,Friday,4,Clear,10,20,60.53,1.0,0.0,Low
4,Saturday,3,Rainy,469,741,32.24,50.99,32.9,Low
14,Sunday,7,Cloudy,10,20,58.65,1.0,1.18,Low
1,Sunday,11,Clear,287,405,39.45,32.33,16.57,Low
9,Monday,12,Clear,390,539,41.96,48.37,24.75,Low
23,Monday,6,Clear,174,181,61.32,19.69,13.88,Low
17,Wednesday,7,Cloudy,10,36,59.56,1.92,4.36,Low
12,Thursday,5,Clear,241,385,56.14,21.49,11.02,Low
4,Tuesday,6,Clear,444,701,43.02,48.66,26.75,Low
22,Monday,5,Rainy,36,49,57.01,1.89,3.53,Low
23,Friday,7,Foggy,197,285,39.7,25.3,13.06,Low
0,Wednesday,2,Clear,221,316,51.56,20.73,7.68,Low
21,Tuesday,11,Cloudy,10,20,57.78,1.0,3.78,Low
0,Wednesday,5,Clear,244,399,47.82,28.7,14.49,Low
17,Tuesday,6,Rainy,10,20,55.21,11.01,8.64,Low
14,Tuesday,6,Clear,61,102,54.34,5.9,5.75,Low
16,Saturday,5,Rainy,32,34,59.83,4.4,4.04,Low
10,Monday,10,Clear,278,456,41.46,35.63,18.95,Low
20,Wednesday,7,Cloudy,10,20,60.56,3.66,1.58,Low
21,Wednesday,10,Rainy,10,20,58.39,3.69,0.14,Low
16,Saturday,8,Rainy,10,26,50.62,1.0,0.63,Low
12,Friday,7,Foggy,137,258,35.59,14.84,11.94,Low
0,Friday,5,Foggy,123,177,47.63,9.89,11.24,Low
1,Sunday,1,Clear,332,472,44.42,39.32,25.67,Low
8,Monday,5,Clear,423,664,42.92,49.32,27.43,Low
2,Monday,10,Cloudy,311,476,40.9,38.14,25.71,Low
0,Thursday,2,Clear,277,454,54.81,28.34,15.07,Low
20,Saturday,5,Rainy,10,20,40.91,5.26,1.2,Low
15,Friday,5,Cloudy,10,51,58.38,6.78,10.86,Low
22,Tuesday,2,Clear,41,20,64.66,1.0,3.65,Low
5,Wednesday,5,Rainy,428,633,31.13,46.07,21.64,Low
16,Monday,4,Clear,10,27,61.01,6.99,9.81,Low
4,Wednesday,1,Rainy,480,725,25.83,50.09,26.68,Low
4,Wednesday,3,Clear,468,733,36.7,54.64,28.47,Low
5,Thursday,1,Clear,483,669,27.49,53.71,33.56,Low
2,Friday,12,Rainy,335,506,31.66,38.88,26.68,Low
20,Monday,11,Foggy,10,50,43.57,1.31,0.0,Low
22,Wednesday,5,Foggy,42,64,49.25,8.4,10.64,Low
4,Monday,4,Rainy,456,649,26.34,45.56,29.2,Low
20,Tuesday,7,Clear,10,45,56.79,1.0,0.0,Low
4,Thursday,5,Rainy,470,685,26.61,59.54,32.79,Low
9,Tuesday,10,Clear,494,716,31.56,65.39,40.41,Medium
9,Monday,4,Cloudy,324,457,42.15,35.97,15.68,Low
18,Sunday,2,Foggy,10,20,49.39,9.69,11.01,Low
16,Monday,4,Rainy,10,20,55.63,1.0,4.84,Low
20,Friday,12,Cloudy,10,20,59.76,1.0,3.7,Low
13,Wednesday,2,Clear,99,116,57.81,18.29,11.27,Low
8,Wednesday,8,Rainy,462,672,27.26,55.35,37.26,Medium
13,Tuesday,3,Clear,127,161,51.68,22.14,19.36,Low
0,Thursday,9,Cloudy,124,187,46.44,16.12,8.37,Low
18,Sunday,4,Clear,10,25,55.05,1.0,4.15,Low
12,Saturday,6,Rainy,214,327,42.27,24.9,20.44,Low
12,Wednesday,10,Cloudy,156,240,45.6,23.34,11.51,Low
3,Friday,5,Clear,356,584,49.54,38.89,22.19,Low
0,Tuesday,10,Clear,87,143,55.46,8.23,8.93,Low
16,Tuesday,1,Foggy,10,38,55.01,3.53,0.0,Low
7,Saturday,9,Clear,432,635,41.26,45.2,27.51,Low
1,Friday,1,Clear,228,370,44.71,26.81,12.38,Low
7,Thursday,8,Clear,476,700,35.89,53.21,29.97,Low
6,Friday,9,Clear,470,717,28.13,49.77,31.87,Low
1,Thursday,9,Cloudy,219,287,47.0,29.24,9.58,Low
21,Friday,1,Rainy,10,20,48.07,4.34,6.61,Low
21,Friday,2,Clear,10,20,53.93,1.0,8.47,Low
2,Monday,12,Clear,387,608,48.26,42.93,21.93,Low
17,Tuesday,1,Clear,10,41,64.65,1.0,3.78,Low
11,Friday,10,Clear,264,382,51.82,26.14,19.01,Low
0,Saturday,2,Clear,200,361,53.91,13.73,3.94,Low
21,Friday,10,Clear,66,90,50.53,4.91,6.71,Low
11,Wednesday,12,Clear,199,250,48.05,18.99,14.65,Low
4,Tuesday,8,Rainy,439,635,28.35,49.35,30.12,Low
16,Wednesday,5,Clear,10,20,50.95,3.31,3.88,Low
15,Tuesday,12,Rainy,10,26,48.71,1.0,0.0,Low
14,Wednesday,11,Rainy,42,25,47.17,6.53,9.56,Low
22,Friday,7,Rainy,60,73,49.63,1.89,3.06,Low
14,Friday,2,Rainy,57,94,61.81,5.71,1.76,Low
4,Monday,8,Rainy,509,767,26.45,53.54,29.6,Low
20,Saturday,11,Cloudy,10,20,57.13,4.84,5.28,Low
13,Wednesday,6,Rainy,163,248,42.6,18.69,7.01,Low
1,Thursday,8,Rainy,224,324,44.49,24.34,14.47,Low
10,Monday,1,Foggy,409,565,22.18,42.32,24.42,Low
18,Wednesday,1,Rainy,10,20,60.98,1.0,6.15,Low
6,Wednesday,12,Clear,466,713,36.08,60.92,27.61,Low
5,Monday,7,Clear,503,750,32.87,53.38,32.55,Low
1,Friday,8,Clear,292,449,50.25,34.84,23.66,Low
5,Wednesday,3,Cloudy,436,636,30.75,47.88,21.68,Low
17,Friday,5,Rainy,10,44,55.1,3.37,0.0,Low
1,Monday,12,Cloudy,352,451,46.43,43.3,29.16,Low
17,Friday,1,Rainy,10,20,50.29,1.0,0.0,Low
14,Tuesday,7,Clear,124,226,64.06,17.33,19.51,Low
18,Thursday,5,Clear,10,59,62.72,14.89,3.62,Low
1,Sunday,8,Rainy,160,233,47.28,20.62,12.93,Low
19,Wednesday,8,Rainy,10,20,58.33,9.18,6.23,Low
5,Saturday,9,Cloudy,441,702,43.1,51.41,27.4,Low
0,Thursday,7,Clear,168,250,52.91,14.01,10.28,Low
23,Sunday,11,Rainy,117,170,50.13,14.38,10.75,Low
14,Friday,1,Rainy,10,20,58.48,1.0,1.71,Low
22,Wednesday,3,Rainy,59,51,43.24,3.58,1.06,Low
9,Friday,8,Rainy,359,555,25.4,39.53,26.84,Low
18,Tuesday,3,Foggy,10,35,47.21,1.0,4.5,Low
16,Monday,8,Clear,10,21,50.73,1.0,2.81,Low
4,Wednesday,1,Rainy,506,736,25.13,69.76,40.65,Medium
3,Sunday,5,Rainy,467,668,30.22,55.93,33.58,Low
9,Sunday,4,Cloudy,466,656,32.32,53.0,27.31,Low
23,Tuesday,5,Foggy,94,124,42.59,10.89,9.48,Low
16,Tuesday,8,Clear,10,20,54.49,7.12,3.74,Low
9,Wednesday,10,Clear,400,548,43.94,54.82,32.09,Low
16,Friday,4,Cloudy,10,34,51.18,4.54,3.64,Low
19,Saturday,11,Rainy,10,20,40.99,1.72,5.13,Low
23,Sunday,4,Cloudy,116,203,50.16,20.25,10.82,Low
4,Sunday,3,Clear,473,721,40.93,53.27,31.07,Low
1,Tuesday,7,Rainy,232,356,40.8,27.95,13.49,Low
5,Thursday,3,Foggy,441,711,20.13,54.01,32.08,Low
20,Tuesday,12,Cloudy,10,20,57.01,1.0,5.2,Low
1,Saturday,3,Clear,276,440,48.39,20.29,13.61,Low
12,Friday,11,Rainy,221,322,41.4,22.38,14.18,Low
10,Friday,10,Rainy,383,651,31.53,46.42,31.79,Low
10,Thursday,5,Clear,295,431,47.68,36.29,23.31,Low
15,Sunday,5,Rainy,10,20,42.81,7.82,8.81,Low
10,Tuesday,6,Rainy,301,464,32.48,31.46,20.78,Low
18,Friday,8,Cloudy,10,20,49.97,9.02,8.86,Low
14,Saturday,10,Clear,43,41,64.59,5.7,9.37,Low
22,Wednesday,6,Clear,50,45,61.06,8.58,4.67,Low
22,Monday,12,Clear,52,121,58.33,10.3,9.89,Low
15,Monday,1,Clear,10,20,52.25,1.0,3.48,Low
10,Monday,8,Clear,428,648,42.32,42.53,22.48,Low
21,Sunday,8,Foggy,10,46,54.43,1.0,2.04,Low
15,Tuesday,9,Clear,10,48,62.36,6.47,5.5,Low
7,Thursday,9,Cloudy,434,632,35.12,46.69,23.61,Low
3,Friday,2,Cloudy,354,524,42.46,49.47,29.68,Low
7,Wednesday,2,Rainy,474,698,29.66,52.68,29.4,Low
3,Saturday,3,Cloudy,377,519,42.78,34.53,19.86,Low
23,Wednesday,1,Foggy,68,118,49.12,4.19,8.2,Low
2,Saturday,4,Rainy,331,497,34.34,37.36,21.98,Low
2,Sunday,4,Clear,339,551,39.75,40.24,27.3,Low
17,Tuesday,9,Clear,10,20,57.5,1.0,0.66,Low
18,Monday,9,Rainy,10,47,54.18,3.95,0.53,Low
18,Tuesday,9,Cloudy,10,49,54.8,5.29,3.6,Low
20,Sunday,10,Clear,10,20,55.75,1.0,0.0,Low
4,Thursday,7,Cloudy,520,714,31.0,67.62,39.76,Medium
17,Thursday,2,Rainy,10,20,57.04,1.0,0.0,Low
9,Sunday,10,Clear,430,698,39.18,42.78,22.09,Low
21,Saturday,5,Cloudy,13,28,54.97,1.0,4.47,Low
20,Friday,4,Rainy,10,35,53.1,7.21,5.85,Low
5,Friday,12,Clear,578,864,31.52,64.34,34.02,Low
0,Saturday,11,Rainy,225,330,31.08,22.6,8.41,Low
4,Thursday,8,Clear,551,770,35.93,53.85,33.61,Low
8,Thursday,2,Rainy,427,664,32.69,45.5,27.98,Low
11,Thursday,6,Clear,245,399,47.83,39.13,27.82,Low
13,Tuesday,5,Clear,148,193,57.91,5.72,2.8,Low
1,Thursday,12,Cloudy,264,390,49.86,26.18,10.73,Low
16,Wednesday,2,Rainy,24,26,54.79,11.63,10.62,Low
13,Monday,11,Clear,139,221,48.8,21.69,12.33,Low
12,Thursday,10,Clear,147,204,48.57,13.48,10.68,Low
8,Saturday,1,Cloudy,372,585,43.99,42.35,28.31,Low
14,Monday,8,Clear,46,71,48.31,7.43,6.95,Low
21,Tuesday,2,Clear,10,20,58.76,1.78,3.09,Low
14,Saturday,7,Clear,65,110,58.95,16.14,10.46,Low
23,Monday,9,Clear,182,302,42.15,21.92,8.42,Low
10,Saturday,9,Foggy,403,569,29.02,50.46,32.0,Low
15,Tuesday,8,Rainy,10,27,56.27,2.02,6.3,Low
16,Wednesday,11,Clear,10,69,52.07,1.0,4.01,Low
3,Tuesday,12,Rainy,350,528,42.79,32.93,14.25,Low
0,Tuesday,10,Clear,163,278,46.8,13.19,8.37,Low
7,Saturday,9,Cloudy,471,693,36.32,51.09,32.61,Low
16,Sunday,2,Cloudy,10,20,56.08,11.5,5.84,Low
2,Friday,6,Clear,309,457,44.9,36.15,23.85,Low
19,Thursday,4,Cloudy,10,20,50.08,1.0,2.66,Low
14,Thursday,4,Foggy,68,97,50.9,13.75,10.98,Low
14,Wednesday,5,Clear,57,36,58.78,1.0,0.96,Low
23,Wednesday,12,Clear,65,87,64.85,4.77,4.18,Low
21,Thursday,3,Clear,11,56,53.16,1.0,3.69,Low
13,Friday,1,Foggy,226,310,35.79,27.1,13.09,Low
22,Thursday,8,Cloudy,62,61,54.95,11.37,8.33,Low
13,Sunday,5,Foggy,10,20,47.8,3.47,0.0,Low
23,Friday,3,Cloudy,184,279,51.13,22.88,11.59,Low
1,Wednesday,10,Rainy,242,374,38.93,25.08,16.74,Low
12,Monday,7,Foggy,313,466,42.96,36.38,23.88,Low
13,Saturday,7,Foggy,128,194,41.8,10.02,8.82,Low
23,Sunday,1,Clear,38,46,43.68,7.59,1.91,Low
18,Sunday,12,Rainy,10,20,51.92,1.0,5.52,Low
6,Wednesday,9,Foggy,576,861,25.51,58.39,29.7,Low
2,Wednesday,2,Clear,405,629,35.13,45.19,27.28,Low
14,Tuesday,5,Foggy,161,256,35.02,8.32,3.7,Low
22,Sunday,5,Clear,50,22,53.3,12.93,6.02,Low
13,Tuesday,8,Rainy,119,186,40.67,17.21,8.19,Low
10,Tuesday,8,Foggy,330,468,29.1,38.35,23.03,Low
14,Saturday,7,Clear,17,67,63.7,1.0,1.48,Low
12,Tuesday,7,Clear,180,279,58.63,16.5,11.48,Low
17,Friday,12,Clear,10,41,47.38,1.31,2.71,Low
5,Thursday,11,Cloudy,447,671,32.76,48.35,22.67,Low
2,Monday,6,Clear,266,397,48.21,21.11,13.46,Low
18,Wednesday,6,Cloudy,10,59,57.51,1.0,0.0,Low
14,Friday,11,Clear,10,44,69.0,1.0,0.0,Low
22,Monday,9,Cloudy,10,20,46.45,1.0,1.56,Low
4,Sunday,6,Cloudy,487,724,19.7,60.97,34.26,Low
9,Sunday,12,Clear,356,482,52.51,42.03,17.98,Low
6,Sunday,2,Rainy,533,809,29.12,55.2,35.15,Medium
16,Friday,2,Clear,10,20,56.64,6.96,10.19,Low
6,Friday,5,Rainy,514,787,27.16,61.95,41.41,Medium
21,Wednesday,4,Clear,112,193,55.62,13.89,12.19,Low
11,Thursday,11,Clear,270,441,43.52,29.8,16.01,Low
16,Tuesday,2,Clear,10,25,60.21,1.0,0.92,Low
12,Sunday,3,Clear,234,319,50.07,23.3,12.24,Low
19,Saturday,7,Clear,10,20,69.58,1.0,7.89,Low
3,Thursday,8,Rainy,470,680,33.32,59.86,32.59,Low
9,Saturday,12,Cloudy,348,562,48.3,36.06,23.91,Low
2,Wednesday,6,Clear,287,485,38.93,32.03,22.16,Low
8,Wednesday,11,Rainy,498,739,25.36,50.78,29.9,Low
12,Wednesday,5,Clear,141,167,54.16,14.37,4.68,Low
17,Monday,1,Foggy,10,20,37.89,15.36,10.04,Low
14,Saturday,8,Cloudy,68,136,59.51,3.93,4.08,Low
3,Thursday,3,Cloudy,377,547,41.36,49.13,30.82,Low
14,Thursday,6,Cloudy,68,119,51.76,7.42,5.7,Low
21,Friday,3,Clear,10,20,58.58,4.51,0.34,Low
1,Friday,7,Foggy,227,361,42.92,31.45,21.02,Low
14,Sunday,7,Foggy,38,111,42.12,5.58,4.48,Low
7,Friday,12,Clear,493,757,41.82,53.02,21.27,Low
7,Wednesday,9,Cloudy,474,715,32.04,51.74,29.96,Low
16,Thursday,5,Clear,10,72,63.28,1.0,3.58,Low
11,Saturday,8,Rainy,297,455,37.58,42.32,21.29,Low
18,Wednesday,10,Clear,10,20,70.67,1.0,1.34,Low
9,Monday,10,Clear,407,631,35.21,36.37,23.0,Low
8,Friday,8,Rainy,519,791,23.18,49.15,29.88,Low
4,Wednesday,1,Rainy,505,748,19.22,51.64,26.34,Low
5,Wednesday,12,Clear,604,890,24.32,70.61,43.18,Medium
19,Monday,5,Clear,10,20,63.07,4.92,9.16,Low
1,Tuesday,3,Foggy,256,368,43.2,25.41,13.49,Low
23,Thursday,1,Clear,185,269,54.88,20.41,6.3,Low
12,Saturday,4,Clear,219,303,49.02,18.75,13.73,Low
5,Sunday,8,Cloudy,553,841,24.88,56.33,30.16,Low
4,Tuesday,3,Foggy,495,751,27.74,57.9,34.16,Low
0,Friday,10,Clear,94,151,50.56,15.68,16.43,Low
20,Wednesday,2,Foggy,10,20,40.76,1.0,0.0,Low
21,Monday,11,Foggy,10,20,45.96,9.29,4.43,Low
20,Monday,9,Cloudy,10,58,46.33,5.94,4.54,Low
5,Thursday,10,Rainy,483,726,20.94,61.63,39.46,Medium
5,Tuesday,5,Clear,410,652,48.93,44.05,34.74,Low
22,Sunday,7,Clear,93,109,47.52,17.94,11.81,Low
15,Thursday,11,Clear,10,32,53.56,12.01,2.97,Low
3,Wednesday,11,Rainy,467,678,29.01,49.83,27.32,Low
10,Thursday,2,Clear,273,392,46.97,29.56,14.59,Low
23,Saturday,9,Rainy,147,208,43.48,11.59,10.26,Low
22,Monday,9,Clear,38,42,48.08,1.0,3.71,Low
8,Monday,4,Clear,466,684,40.94,46.12,22.37,Low
22,Friday,4,Cloudy,38,93,52.88,1.0,0.0,Low
2,Friday,6,Clear,377,566,47.25,43.26,22.67,Low
18,Sunday,10,Clear,10,21,56.28,1.0,1.56,Low
7,Wednesday,10,Foggy,437,641,31.06,49.78,27.98,Low
4,Saturday,10,Clear,464,721,43.28,52.88,28.9,Low
3,Tuesday,6,Rainy,401,612,29.62,42.2,28.18,Low
23,Thursday,12,Foggy,118,167,46.5,12.8,7.36,Low
5,Sunday,1,Clear,330,447,36.86,34.03,18.1,Low
1,Wednesday,9,Foggy,311,472,33.77,33.0,15.45,Low
19,Friday,2,Rainy,10,32,57.61,1.0,1.56,Low
10,Thursday,5,Clear,282,393,48.49,31.75,18.71,Low
3,Friday,9,Clear,458,678,49.13,47.89,20.81,Low
14,Thursday,4,Clear,81,137,58.82,3.17,2.26,Low
5,Tuesday,11,Cloudy,473,662,31.52,55.52,34.41,Low
21,Wednesday,3,Clear,10,20,73.7,4.25,5.43,Low
16,Thursday,7,Rainy,10,26,59.67,6.67,6.13,Low
23,Saturday,6,Rainy,128,225,37.59,9.1,9.07,Low
5,Sunday,8,Rainy,535,868,21.33,57.04,31.49,Low
18,Monday,3,Clear,10,73,54.31,2.26,0.85,Low
1,Saturday,5,Clear,337,509,46.38,34.93,23.44,Low
14,Saturday,10,Rainy,22,20,53.76,5.3,7.0,Low
10,Sunday,4,Clear,282,450,48.72,33.82,16.73,Low
7,Monday,4,Clear,433,633,30.2,50.51,22.93,Low
18,Saturday,4,Clear,10,20,56.31,8.41,3.8,Low
12,Thursday,10,Clear,196,284,49.45,25.0,16.15,Low
11,Thursday,8,Cloudy,294,428,33.19,33.44,17.76,Low
4,Thursday,6,Clear,455,694,32.89,49.59,28.82,Low
5,Monday,3,Clear,538,788,39.88,59.16,36.35,Medium
21,Saturday,10,Clear,10,20,51.73,1.0,2.15,Low
3,Monday,5,Rainy,312,515,43.68,25.84,15.91,Low
18,Thursday,6,Rainy,10,20,56.96,3.43,5.53,Low
19,Sunday,5,Clear,10,60,58.05,7.23,2.09,Low
0,Saturday,6,Foggy,213,355,34.11,22.02,11.62,Low
19,Saturday,8,Rainy,10,32,55.66,9.05,8.5,Low
16,Friday,7,Cloudy,10,20,52.56,1.0,2.51,Low
11,Friday,5,Foggy,348,553,26.91,28.9,18.53,Low
